date,topic,volume1mo,share_pct,event_count
2026-07-14,Sports,6175564873.38086605,34.87625451,1218
2026-07-14,Politics,3856706828.19124508,21.78059686,226
2026-07-14,Crypto,2410328442.22206450,13.61223304,300
2026-07-14,Business/Economy,2173967215.69673014,12.27739251,47
2026-07-14,Geopolitics,1989039262.08031178,11.23301932,135
2026-07-14,Culture,885937739.96049011,5.00329779,45
2026-07-14,Tech & Science,179296265.01602691,1.01256845,22
2026-07-14,Unclassified,36235319.25287500,0.20463751,7
2026-07-14,Total,17707075945.80060577,100.00000000,2000
